{
  "ARS": "Arsenal",
  "AVL": "Aston Villa",
  "BOU": "Bournemouth",
  "BRE": "Brentford",
  "BHA": "Brighton",
  "BUR": "Burnley",
  "CHE": "Chelsea",
  "CRY": "Crystal Palace",
  "EVE": "Everton",
  "FUL": "Fulham",
  "LEE": "Leeds United",
  "LIV": "Liverpool",
  "MCI": "Manchester City",
  "MUN": "Manchester United",
  "NEW": "Newcastle United",
  "NFO": "Nottingham Forest",
  "SUN": "Sunderland",
  "TOT": "Tottenham",
  "WHU": "West Ham",
  "WOL": "Wolverhampton",
  
  "BIR": "Birmingham City",
  "BLB": "Blackburn Rovers",
  "BRC": "Bristol City",
  "CHA": "Charlton Athletic",
  "COV": "Coventry City",
  "DER": "Derby County",
  "HUL": "Hull City",
  "IPS": "Ipswich Town",
  "LEI": "Leicester City",
  "MID": "Middlesbrough",
  "MIL": "Millwall",
  "NOR": "Norwich City",
  "OXF": "Oxford United",
  "POR": "Portsmouth",
  "PNE": "Preston North End",
  "QPR": "Queens Park Rangers",
  "SHU": "Sheffield United",
  "SHW": "Sheffield Wednesday",
  "STK": "Stoke City",
  "SWA": "Swansea City",
  "SOU": "Southampton",
  "WAT": "Watford",
  "WBA": "West Bromwich",
  "WRE": "Wrexham",
  
  "WIM": "AFC Wimbledon",
  "BAR": "Barnsley",
  "BLP": "Blackpool",
  "BOL": "Bolton Wanderers",
  "BRD": "Bradford City",
  "BRT": "Burton Albion",
  "CAR": "Cardiff City",
  "CRA": "Crawley Town",
  "EXE": "Exeter City",
  "HUD": "Huddersfield Town",
  "LEY": "Leyton Orient",
  "LIN": "Lincoln City",
  "LUT": "Luton Town",
  "MAN": "Mansfield Town",
  "NTH": "Northampton Town",
  "PET": "Peterborough",
  "PLY": "Plymouth Argyle",
  "PVL": "Port Vale",
  "REA": "Reading",
  "ROT": "Rotherham United",
  "STE": "Stevenage",
  "STC": "Stockport County",
  "WIG": "Wigan Athletic",
  "WYC": "Wycombe Wanderers",
  
  "ACC": "Accrington",
  "BRW": "Barrow",
  "BRR": "Bristol Rovers",
  "BRO": "Bromley",
  "CAM": "Cambridge United",
  "CHL": "Cheltenham Town",
  "CHF": "Chesterfield",
  "COL": "Colchester United",
  "CRE": "Crewe Alexandra",
  "DON": "Doncaster Rovers",
  "FLT": "Fleetwood Town",
  "GIL": "Gillingham",
  "GRI": "Grimsby Town",
  "HRR": "Harrogate Town",
  "MKD": "Milton Keynes Dons",
  "NPC": "Newport County",
  "NOT": "Notts County",
  "OLD": "Oldham Athletic",
  "SAL": "Salford City",
  "SHR": "Shrewsbury Town",
  "SWI": "Swindon Town",
  "TRA": "Tranmere Rovers",
  "WAL": "Walsall",
  
  "ALD": "Aldershot Town",
  "ALT": "Altrincham",
  "BOR": "Boreham Wood",
  "BOS": "Boston United",
  "BCK": "Brackley Town",
  "BTN": "Braintree Town",
  "CRL": "Carlisle United",
  "EAS": "Eastleigh",
  "FGR": "Forest Green Rovers",
  "GAT": "Gateshead",
  "HAL": "FC Halifax Town",
  "HAR": "Hartlepool United",
  "MOR": "Morecambe",
  "ROC": "Rochdale",
  "SCU": "Scunthorpe United",
  "SOL": "Solihull Moors",
  "SND": "Southend United",
  "SUT": "Sutton United",
  "TAM": "Tamworth",
  "TRU": "Truro City",
  "WEA": "Wealdstone",
  "WOK": "Woking",
  "YEO": "Yeovil Town",
  "YOR": "York City",


  "ALF": "Alfreton Town",
  "BUX": "Buxton",
  "CTH": "Chatham Town",
  "CHM": "Chelmsford City",
  "CSH": "Chesham United",
  "CHS": "Chester",
  "CUR": "Curzon Ashton",
  "DAG": "Dag & Red",
  "DOR": "Dorking Wanderers",
  "EBB": "Ebbsfleet United",
  "GAI": "Gainsborough",
  "GUI": "Guiseley",
  "HAB": "Harborough Town",
  "HEM": "Hemel Hempstead",
  "HED": "Hednesford",
  "HOR": "Horsham",
  "KET": "Kettering Town",
  "MAC": "Macclesfield",
  "MDS": "Maidstone United",
  "MTI": "Maldon & Tiptree",
  "RUS": "Rushall Olympic",
  "SCA": "Scarborough",
  "SLO": "Slough Town",
  "SSH": "South Shields",
  "SPE": "Spennymoor",
  "STA": "St. Albans",
  "TEL": "AFC Telford United",
  "TON": "Tonbridge Angels",
  "TTT": "AFC Totton",
  "WSM": "Weston-Super-Mare",
  "WOR": "Worthing"
}
